<?xml version="1.0" encoding="UTF-8"?>
<GenRun Id="impl_1" LaunchPart="xc7a200tsbg484-2L" LaunchTime="1696304399">
  <File Type="BITSTR-BMM" Name="half_adder_bd.bmm"/>
  <File Type="OPT-METHODOLOGY-DRC" Name="half_adder_methodology_drc_opted.rpt"/>
  <File Type="INIT-TIMING" Name="half_adder_timing_summary_init.rpt"/>
  <File Type="ROUTE-PWR" Name="half_adder_power_routed.rpt"/>
  <File Type="PA-TCL" Name="half_adder.tcl"/>
  <File Type="OPT-TIMING" Name="half_adder_timing_summary_opted.rpt"/>
  <File Type="OPT-DCP" Name="half_adder_opt.dcp"/>
  <File Type="ROUTE-PWR-SUM" Name="half_adder_power_summary_routed.pb"/>
  <File Type="REPORTS-TCL" Name="half_adder_reports.tcl"/>
  <File Type="OPT-DRC" Name="half_adder_drc_opted.rpt"/>
  <File Type="OPT-HWDEF" Name="half_adder.hwdef"/>
  <File Type="PWROPT-DCP" Name="half_adder_pwropt.dcp"/>
  <File Type="PWROPT-DRC" Name="half_adder_drc_pwropted.rpt"/>
  <File Type="PWROPT-TIMING" Name="half_adder_timing_summary_pwropted.rpt"/>
  <File Type="PLACE-DCP" Name="half_adder_placed.dcp"/>
  <File Type="PLACE-IO" Name="half_adder_io_placed.rpt"/>
  <File Type="PLACE-CLK" Name="half_adder_clock_utilization_placed.rpt"/>
  <File Type="PLACE-UTIL" Name="half_adder_utilization_placed.rpt"/>
  <File Type="PLACE-UTIL-PB" Name="half_adder_utilization_placed.pb"/>
  <File Type="PLACE-CTRL" Name="half_adder_control_sets_placed.rpt"/>
  <File Type="PLACE-SIMILARITY" Name="half_adder_incremental_reuse_placed.rpt"/>
  <File Type="PLACE-PRE-SIMILARITY" Name="half_adder_incremental_reuse_pre_placed.rpt"/>
  <File Type="BG-BGN" Name="half_adder.bgn"/>
  <File Type="PLACE-TIMING" Name="half_adder_timing_summary_placed.rpt"/>
  <File Type="POSTPLACE-PWROPT-DCP" Name="half_adder_postplace_pwropt.dcp"/>
  <File Type="BG-BIN" Name="half_adder.bin"/>
  <File Type="POSTPLACE-PWROPT-TIMING" Name="half_adder_timing_summary_postplace_pwropted.rpt"/>
  <File Type="PHYSOPT-DCP" Name="half_adder_physopt.dcp"/>
  <File Type="PHYSOPT-DRC" Name="half_adder_drc_physopted.rpt"/>
  <File Type="BITSTR-MSK" Name="half_adder.msk"/>
  <File Type="PHYSOPT-TIMING" Name="half_adder_timing_summary_physopted.rpt"/>
  <File Type="ROUTE-ERROR-DCP" Name="half_adder_routed_error.dcp"/>
  <File Type="ROUTE-DCP" Name="half_adder_routed.dcp"/>
  <File Type="ROUTE-BLACKBOX-DCP" Name="half_adder_routed_bb.dcp"/>
  <File Type="ROUTE-DRC" Name="half_adder_drc_routed.rpt"/>
  <File Type="ROUTE-DRC-PB" Name="half_adder_drc_routed.pb"/>
  <File Type="BITSTR-LTX" Name="debug_nets.ltx"/>
  <File Type="BITSTR-LTX" Name="half_adder.ltx"/>
  <File Type="ROUTE-DRC-RPX" Name="half_adder_drc_routed.rpx"/>
  <File Type="BITSTR-MMI" Name="half_adder.mmi"/>
  <File Type="ROUTE-METHODOLOGY-DRC" Name="half_adder_methodology_drc_routed.rpt"/>
  <File Type="ROUTE-METHODOLOGY-DRC-RPX" Name="half_adder_methodology_drc_routed.rpx"/>
  <File Type="BITSTR-SYSDEF" Name="half_adder.sysdef"/>
  <File Type="ROUTE-METHODOLOGY-DRC-PB" Name="half_adder_methodology_drc_routed.pb"/>
  <File Type="ROUTE-PWR-RPX" Name="half_adder_power_routed.rpx"/>
  <File Type="ROUTE-STATUS" Name="half_adder_route_status.rpt"/>
  <File Type="ROUTE-STATUS-PB" Name="half_adder_route_status.pb"/>
  <File Type="ROUTE-TIMINGSUMMARY" Name="half_adder_timing_summary_routed.rpt"/>
  <File Type="ROUTE-TIMING-PB" Name="half_adder_timing_summary_routed.pb"/>
  <File Type="ROUTE-TIMING-RPX" Name="half_adder_timing_summary_routed.rpx"/>
  <File Type="ROUTE-SIMILARITY" Name="half_adder_incremental_reuse_routed.rpt"/>
  <File Type="ROUTE-CLK" Name="half_adder_clock_utilization_routed.rpt"/>
  <File Type="ROUTE-BUS-SKEW" Name="half_adder_bus_skew_routed.rpt"/>
  <File Type="ROUTE-BUS-SKEW-PB" Name="half_adder_bus_skew_routed.pb"/>
  <File Type="ROUTE-BUS-SKEW-RPX" Name="half_adder_bus_skew_routed.rpx"/>
  <File Type="POSTROUTE-PHYSOPT-DCP" Name="half_adder_postroute_physopt.dcp"/>
  <File Type="POSTROUTE-PHYSOPT-BLACKBOX-DCP" Name="half_adder_postroute_physopt_bb.dcp"/>
  <File Type="POSTROUTE-PHYSOPT-TIMING" Name="half_adder_timing_summary_postroute_physopted.rpt"/>
  <File Type="POSTROUTE-PHYSOPT-TIMING-PB" Name="half_adder_timing_summary_postroute_physopted.pb"/>
  <File Type="POSTROUTE-PHYSOPT-TIMING-RPX" Name="half_adder_timing_summary_postroute_physopted.rpx"/>
  <File Type="POSTROUTE-PHYSOPT-BUS-SKEW" Name="half_adder_bus_skew_postroute_physopted.rpt"/>
  <File Type="POSTROUTE-PHYSOPT-BUS-SKEW-PB" Name="half_adder_bus_skew_postroute_physopted.pb"/>
  <File Type="BG-BIT" Name="half_adder.bit"/>
  <File Type="POSTROUTE-PHYSOPT-BUS-SKEW-RPX" Name="half_adder_bus_skew_postroute_physopted.rpx"/>
  <File Type="BITSTR-RBT" Name="half_adder.rbt"/>
  <File Type="BITSTR-NKY" Name="half_adder.nky"/>
  <File Type="BG-DRC" Name="half_adder.drc"/>
  <File Type="RDI-RDI" Name="half_adder.vdi"/>
  <File Type="WBT-USG" Name="usage_statistics_webtalk.html"/>
  <FileSet Name="sources" Type="DesignSrcs" RelSrcDir="$PSRCDIR/sources_1">
    <Filter Type="Srcs"/>
    <File Path="$PSRCDIR/sources_1/new/half_adder.v">
      <FileInfo>
        <Attr Name="UsedIn" Val="synthesis"/>
        <Attr Name="UsedIn" Val="implementation"/>
        <Attr Name="UsedIn" Val="simulation"/>
      </FileInfo>
    </File>
    <Config>
      <Option Name="DesignMode" Val="RTL"/>
      <Option Name="TopModule" Val="half_adder"/>
      <Option Name="TopAutoSet" Val="TRUE"/>
    </Config>
  </FileSet>
  <FileSet Name="constrs_in" Type="Constrs" RelSrcDir="$PSRCDIR/constrs_1">
    <Filter Type="Constrs"/>
    <Config>
      <Option Name="ConstrsType" Val="XDC"/>
    </Config>
  </FileSet>
  <FileSet Name="utils" Type="Utils" RelSrcDir="$PSRCDIR/utils_1">
    <Filter Type="Utils"/>
    <Config>
      <Option Name="TopAutoSet" Val="TRUE"/>
    </Config>
  </FileSet>
  <Strategy Version="1" Minor="2">
    <StratHandle Name="Vivado Implementation Defaults" Flow="Vivado Implementation 2019">
      <Desc>Default settings for Implementation.</Desc>
    </StratHandle>
    <Step Id="init_design"/>
    <Step Id="opt_design"/>
    <Step Id="power_opt_design"/>
    <Step Id="place_design"/>
    <Step Id="post_place_power_opt_design"/>
    <Step Id="phys_opt_design"/>
    <Step Id="route_design"/>
    <Step Id="post_route_phys_opt_design"/>
    <Step Id="write_bitstream"/>
  </Strategy>
</GenRun>
